window_start,site,k_mgl,mg_mgl,no3_ugl,ca_mgl,nh4_ugl
1989-05-16,MPR,0.6855555555555556,1.96,NA,6.483333333333333,NA
1989-07-18,MPR,0.6614285714285714,NA,73.71428571428571,6.252857142857143,NA
1989-09-19,MPR,1.21,2.194,273.8,6.906,NA
1989-11-21,MPR,NA,NA,NA,NA,NA
1990-01-23,MPR,1.0688888888888888,2.106666666666667,209.22222222222223,NA,NA
1990-03-27,MPR,1.0077777777777777,2.152222222222222,143.33333333333334,9.083333333333334,NA
1990-05-29,MPR,0.9544444444444444,2.002222222222222,187,8.342222222222222,NA
1990-07-31,MPR,0.8522222222222222,2.1422222222222222,131.88888888888889,9.635555555555555,NA
1990-10-02,MPR,0.77,1.9877777777777779,NA,7.89,NA
1990-12-04,MPR,0.6533333333333333,2.1144444444444446,NA,6.934444444444445,NA
1991-02-05,MPR,0.8922222222222222,1.9511111111111112,NA,NA,NA
1991-04-09,MPR,NA,NA,50.25,NA,NA
1991-06-11,MPR,NA,NA,58.333333333333336,NA,NA
1991-08-13,MPR,0.8411111111111111,2.61,NA,9.283333333333333,NA
1991-10-15,MPR,NA,NA,118.88888888888889,NA,NA
1991-12-17,MPR,0.7444444444444445,1.9277777777777778,128.11111111111111,8.153333333333332,NA
1992-02-18,MPR,0.9533333333333334,2.8133333333333335,NA,NA,NA
1992-04-21,MPR,0.8288888888888889,1.8177777777777777,NA,7.38,NA
1992-06-23,MPR,0.7744444444444444,2.088888888888889,38.111111111111114,8.1466666666666665,NA
1992-08-25,MPR,0.8466666666666667,2.39,52.55555555555556,9.634444444444444,NA
1992-10-27,MPR,NA,NA,NA,NA,NA
1992-12-29,MPR,0.7255555555555555,1.9188888888888889,NA,7.552222222222222,NA
1993-03-02,MPR,0.8055555555555556,2.371111111111111,81.33333333333333,9.314444444444444,NA
1993-05-04,MPR,NA,NA,NA,NA,NA
1993-07-06,MPR,NA,NA,NA,NA,NA
1993-09-07,MPR,0.7211111111111111,1.9766666666666666,49.111111111111114,8.001111111111111,NA
1993-11-09,MPR,0.6577777777777778,1.6811111111111112,NA,NA,NA
1994-01-11,MPR,0.5700000000000001,1.6344444444444444,NA,6.863333333333333,NA
1994-03-15,MPR,0.7277777777777777,2.2044444444444444,NA,9.652222222222223,NA
1994-05-17,MPR,0.8633333333333333,2.3433333333333333,NA,8.848888888888888,NA
1994-07-19,MPR,0.8666666666666667,2.5,NA,9.666666666666666,NA
1994-09-20,MPR,0.7844444444444444,1.8944444444444444,NA,8.686666666666667,NA
1994-11-22,MPR,0.6855555555555556,2.1277777777777778,NA,8.345555555555556,NA
1995-01-24,MPR,0.6900000000000001,2.0966666666666667,NA,8.94111111111111,NA
1995-03-28,MPR,NA,NA,NA,NA,NA
1995-05-30,MPR,NA,NA,NA,NA,NA
1995-08-01,MPR,NA,NA,NA,NA,NA
1995-10-03,MPR,NA,NA,NA,NA,NA
1995-12-05,MPR,NA,NA,NA,NA,NA
1996-02-06,MPR,0.8111111111111111,2.5555555555555554,NA,9.486666666666666,NA
1996-04-09,MPR,NA,NA,NA,NA,NA
1996-06-11,MPR,NA,NA,NA,NA,NA
1996-08-13,MPR,NA,NA,NA,NA,NA
1996-10-15,MPR,0.7222222222222222,1.8511111111111112,162.66666666666666,6.816666666666666,NA
1996-12-17,MPR,NA,NA,NA,NA,NA
1997-02-18,MPR,0.8444444444444444,2.2244444444444444,NA,9.216666666666667,NA
1997-04-22,MPR,NA,NA,NA,NA,NA
1997-06-24,MPR,0.7155555555555555,2.1544444444444446,88,7.912222222222223,NA
1997-08-26,MPR,0.62,1.758888888888889,NA,6.937777777777778,NA
1997-10-28,MPR,NA,NA,NA,NA,NA
1997-12-30,MPR,NA,NA,NA,NA,NA
1998-03-03,MPR,NA,1.84,NA,5.872222222222222,NA
1998-05-05,MPR,NA,NA,NA,NA,NA
1998-07-07,MPR,NA,2.231818181818182,75.72727272727273,6.744545454545454,NA
1998-09-08,MPR,NA,NA,NA,NA,NA
1998-11-10,MPR,1.0875,2.04375,376.875,7.03875,7.25
1999-01-12,MPR,1.0622222222222222,3.5877777777777777,NA,8.186666666666667,NA
1999-03-16,MPR,1.0244444444444445,2.4811111111111113,131,7.528888888888889,NA
1999-05-18,MPR,1.0355555555555556,2.03,NA,7.023333333333333,NA
1999-07-20,MPR,0.78625,1.8775,127.75,6.4675,NA
1999-09-21,MPR,NA,NA,NA,NA,NA
1999-11-23,MPR,NA,NA,NA,NA,NA
2000-01-25,MPR,0.587,2.013,84,6.248,NA
2000-03-28,MPR,0.68,2.33,55.77777777777778,7.903333333333333,NA
2000-05-30,MPR,0.667,1.968,66.8,6.364,NA
2000-08-01,MPR,0.7366666666666667,1.8955555555555554,74.22222222222223,7.386666666666667,NA
2000-10-03,MPR,0.7,1.8422222222222222,93.33333333333333,6.138888888888889,NA
2000-12-05,MPR,NA,NA,NA,NA,NA
2001-02-06,MPR,0.7655555555555555,2.398888888888889,59.111111111111114,9.562222222222223,NA
2001-04-10,MPR,0.7,1.8033333333333335,47.22222222222222,7.136666666666667,NA
2001-06-12,MPR,0.763,2.084,52.1,8.342,NA
2001-08-14,MPR,0.7677777777777778,1.9644444444444444,53.888888888888886,7.5344444444444445,NA
2001-10-16,MPR,0.674,1.787,91,6.728,NA
2001-12-18,MPR,0.7088888888888889,2.042222222222222,124.22222222222223,5.857777777777778,NA
2002-02-19,MPR,0.7288888888888889,1.988888888888889,72.22222222222223,7.052222222222222,NA
2002-04-23,MPR,0.6511111111111111,1.728888888888889,NA,5.6066666666666665,NA
2002-06-25,MPR,0.7255555555555555,2.207777777777778,63.55555555555556,7.983333333333333,10.444444444444445
2002-08-27,MPR,0.6444444444444444,1.8444444444444443,74.88888888888889,8.01,NA
2002-10-29,MPR,0.6366666666666667,1.8722222222222222,84.66666666666667,7.651111111111111,NA
2002-12-31,MPR,NA,NA,83.66666666666667,NA,NA
2003-03-04,MPR,0.6255555555555555,2.2266666666666666,54.22222222222222,9.301111111111112,NA
2003-05-06,MPR,0.6844444444444444,1.9644444444444444,46.333333333333336,5.486666666666666,NA
2003-07-08,MPR,0.7677777777777778,1.8955555555555557,72.55555555555556,6.126666666666667,NA
2003-09-09,MPR,0.6811111111111111,1.9233333333333333,91.77777777777777,6.735555555555556,NA
2003-11-11,MPR,0.5977777777777777,1.7722222222222221,98.11111111111111,6.125555555555556,NA
2004-01-13,MPR,0.6988888888888889,2.0633333333333335,NA,7.653333333333333,NA
2004-03-16,MPR,0.6333333333333333,1.6133333333333333,NA,5.472222222222222,NA
2004-05-18,MPR,0.7922222222222223,1.8888888888888888,68.77777777777777,6.085555555555556,NA
2004-07-20,MPR,0.7322222222222222,1.9011111111111112,NA,6.583333333333333,NA
2004-09-21,MPR,0.9111111111111111,1.9211111111111112,82.22222222222223,6.974444444444444,NA
2004-11-23,MPR,0.6033333333333333,1.7044444444444444,NA,6.586666666666667,NA
2005-01-25,MPR,0.5766666666666667,2.022222222222222,68.33333333333333,7.4255555555555555,NA
2005-03-29,MPR,0.6166666666666667,1.7266666666666666,72.33333333333333,6.555555555555555,NA
2005-05-31,MPR,0.67,1.9744444444444444,55.111111111111114,7.654444444444445,NA
2005-08-02,MPR,0.5877777777777777,1.73,NA,7.432222222222222,NA
2005-10-04,MPR,0.5644444444444444,1.6644444444444444,NA,6.108888888888889,NA
2005-12-06,MPR,0.5444444444444445,1.758888888888889,NA,6.578888888888889,NA
2006-02-07,MPR,0.5911111111111111,1.9677777777777776,68.11111111111111,6.706666666666667,NA
2006-04-11,MPR,0.6377777777777778,2.0355555555555553,46.666666666666664,7.788888888888889,NA
2006-06-13,MPR,0.6488888888888888,1.8811111111111112,NA,7.373333333333333,NA
2006-08-15,MPR,0.6366666666666666,1.761111111111111,NA,7.702222222222222,NA
2006-10-17,MPR,0.6355555555555555,1.768888888888889,69.33333333333333,7.816666666666666,NA
2006-12-19,MPR,0.6666666666666666,2.0455555555555556,83.44444444444444,8.217777777777778,NA
2007-02-20,MPR,0.7188888888888889,2.2911111111111113,58.77777777777778,7.958888888888889,7.888888888888889
2007-04-24,MPR,0.6555555555555556,1.988888888888889,NA,7.127777777777778,NA
2007-06-26,MPR,0.6722222222222223,1.8666666666666667,48.77777777777778,7.6466666666666665,NA
2007-08-28,MPR,0.59,2.021111111111111,78.66666666666667,7.732222222222222,NA
2007-10-30,MPR,0.52,1.5677777777777777,NA,6.376666666666667,NA
2008-01-01,MPR,NA,NA,NA,NA,NA
2008-03-04,MPR,0.6877777777777778,2.214444444444444,NA,6.642222222222222,NA
2008-05-06,MPR,0.64875,2.0425,38.875,9.055,NA
2008-07-08,MPR,0.6288888888888889,2.132222222222222,61.111111111111114,7.717777777777778,NA
2008-09-09,MPR,0.545,1.9689999999999999,74.5,6.907,NA
2008-11-11,MPR,NA,1.78,69,6.83,NA
2009-01-13,MPR,0.6188888888888889,2.31,NA,10.45111111111111,NA
2009-03-17,MPR,0.6711111111111111,1.9166666666666665,NA,8.698888888888888,NA
2009-05-19,MPR,0.6766666666666666,1.982222222222222,53.55555555555556,7.378888888888889,NA
2009-07-21,MPR,0.7244444444444444,1.8955555555555554,NA,8.265555555555554,NA
2009-09-22,MPR,0.66,1.8444444444444443,66.66666666666667,7.808888888888889,NA
2009-11-24,MPR,0.6755555555555556,2.051111111111111,72.77777777777777,8.633333333333333,NA
2010-01-26,MPR,0.6388888888888888,2.03,72.33333333333333,8.936666666666667,NA
2010-03-30,MPR,0.49222222222222223,1.8511111111111112,49.22222222222222,6.958888888888889,NA
2010-06-01,MPR,0.5044444444444445,1.6533333333333333,49.55555555555556,6.084444444444444,NA
2010-08-03,MPR,NA,NA,NA,NA,NA
2010-10-05,MPR,0.5988888888888889,2.0366666666666666,86.66666666666667,7.846666666666667,NA
2010-12-07,MPR,0.6333333333333333,2.1644444444444444,NA,8.601111111111111,NA
2011-02-08,MPR,0.55,1.9977777777777777,NA,8.87,NA
2011-04-12,MPR,0.5388888888888889,1.7722222222222221,NA,8.213333333333333,NA
2011-06-14,MPR,0.5222222222222223,1.521111111111111,NA,8.157777777777778,NA
2011-08-16,MPR,NA,NA,NA,NA,NA
2011-10-18,MPR,0.5655555555555556,1.6422222222222222,NA,8.055555555555555,NA
2011-12-20,MPR,0.61,2.174444444444444,NA,9.276666666666667,NA
2012-02-21,MPR,0.5566666666666666,1.8244444444444445,NA,8.87111111111111,NA
2012-04-24,MPR,0.62,1.9344444444444444,NA,8.777777777777777,NA
2012-06-26,MPR,NA,NA,NA,NA,NA
2012-08-28,MPR,0.6244444444444445,1.9877777777777779,NA,8.69,NA
2012-10-30,MPR,0.5688888888888889,1.771111111111111,NA,7.386666666666667,NA
2013-01-01,MPR,0.6333333333333333,1.8388888888888888,NA,8.022222222222222,NA
2013-03-05,MPR,0.62,1.7655555555555555,NA,6.576666666666666,NA
2013-05-07,MPR,0.47,1.52,NA,7.362222222222222,NA
2013-07-09,MPR,0.3688888888888889,1.42,NA,7.421111111111111,NA
2013-09-10,MPR,NA,NA,NA,NA,NA
2013-11-12,MPR,0.5355555555555556,1.6911111111111112,NA,7.148888888888889,NA
2014-01-14,MPR,0.6866666666666666,1.6955555555555555,80.55555555555556,7.248888888888889,NA
2014-03-18,MPR,0.7055555555555555,2.1666666666666665,NA,8.697777777777778,NA
2014-05-20,MPR,0.7755555555555556,1.9566666666666666,NA,8.258888888888889,NA
2014-07-22,MPR,NA,NA,NA,NA,NA
2014-09-23,MPR,0.6488888888888888,1.711111111111111,NA,7.641111111111111,NA
2014-11-25,MPR,0.5877777777777777,NA,NA,NA,NA
2015-01-27,MPR,0.6277777777777778,1.7766666666666666,NA,8.002222222222223,NA
2015-03-31,MPR,NA,NA,NA,NA,NA
2015-06-02,MPR,NA,NA,NA,NA,NA
2015-08-04,MPR,NA,NA,NA,NA,NA
2015-10-06,MPR,0.6266666666666667,1.5611111111111111,NA,8.522222222222222,NA
2015-12-08,MPR,0.65,1.9777777777777779,NA,9.386666666666667,NA
2016-02-09,MPR,0.7188888888888889,2.111111111111111,NA,8.32,NA
2016-04-12,MPR,0.5966666666666667,1.9244444444444444,NA,9.0344444444444445,NA
2016-06-14,MPR,0.6511111111111111,1.8711111111111112,NA,7.84,NA
2016-08-16,MPR,0.6266666666666667,1.9677777777777776,66.44444444444444,7.976666666666667,NA
2016-10-18,MPR,0.59,1.8511111111111112,NA,7.594444444444444,NA
2016-12-20,MPR,0.6488888888888888,1.8722222222222222,NA,7.644444444444444,NA
2017-02-21,MPR,0.6977777777777778,1.8433333333333333,71.55555555555556,8.04888888888889,NA
2017-04-25,MPR,0.6911111111111111,1.8166666666666667,NA,6.778888888888889,NA
2017-06-27,MPR,0.6533333333333333,1.9177777777777778,NA,7.211111111111111,NA
2017-08-29,MPR,NA,NA,NA,NA,NA
2017-10-31,MPR,NA,NA,NA,NA,NA
2018-01-02,MPR,NA,NA,NA,NA,NA
2018-03-06,MPR,0.93,1.94,NA,6.7700000000000005,NA
2018-05-08,MPR,0.9,1.89,NA,7.434444444444445,NA
2018-07-10,MPR,NA,NA,NA,NA,NA
2018-09-11,MPR,NA,NA,NA,NA,NA
2018-11-13,MPR,NA,NA,NA,NA,NA
2019-01-15,MPR,0.7666666666666666,2.227777777777778,NA,8.28111111111111,NA
2019-03-19,MPR,0.7633333333333333,2.1044444444444443,NA,8.116666666666667,NA
2019-05-21,MPR,0.7066666666666667,1.8699999999999999,NA,7.677777777777778,NA
2019-07-23,MPR,0.6888888888888889,1.81,NA,6.496666666666667,NA
2019-09-24,MPR,0.6222222222222222,1.8066666666666666,NA,6.375555555555556,NA
2019-11-26,MPR,0.63,1.7833333333333332,NA,6.355555555555555,NA
2020-01-28,MPR,NA,NA,NA,NA,NA
2020-03-31,MPR,NA,NA,NA,NA,NA
2020-06-02,MPR,NA,NA,NA,NA,NA
2020-08-04,MPR,NA,NA,NA,NA,NA
2020-10-06,MPR,0.6466666666666667,1.77,114.33333333333333,5.753333333333333,NA
2020-12-08,MPR,0.6325,1.9175,113,6.875,NA
1986-05-20,Q1,0.8166666666666667,3.1066666666666665,113.66666666666667,3.9366666666666665,NA
1986-07-22,Q1,NA,NA,NA,NA,NA
1986-09-23,Q1,0.656,2.69,NA,4.368,25.4
1986-11-25,Q1,0.6744444444444444,2.5877777777777777,154.33333333333334,3.78,NA
1987-01-27,Q1,0.7244444444444444,2.977777777777778,132.22222222222223,4.166666666666667,NA
1987-03-31,Q1,0.8466666666666667,2.4299999999999997,146.44444444444446,3.7566666666666664,41.666666666666664
1987-06-02,Q1,0.8077777777777778,2.522222222222222,157.66666666666666,3.893333333333333,73.77777777777777
1987-08-04,Q1,NA,NA,182.30769230769232,NA,44.53846153846154
1987-10-06,Q1,0.737,2.349,NA,3.726,NA
1987-12-08,Q1,NA,NA,NA,NA,NA
1988-02-09,Q1,NA,NA,NA,NA,NA
1988-04-12,Q1,NA,NA,NA,NA,NA
1988-06-14,Q1,NA,NA,NA,NA,NA
1988-08-16,Q1,NA,NA,NA,NA,NA
1988-10-18,Q1,NA,NA,141.77777777777777,NA,NA
1988-12-20,Q1,0.8588888888888889,2.502222222222222,NA,NA,NA
1989-02-21,Q1,NA,NA,NA,NA,NA
1989-04-25,Q1,0.9377777777777778,2.997777777777778,141,4.794444444444444,NA
1989-06-27,Q1,0.9444444444444444,2.5477777777777777,NA,3.991111111111111,NA
1989-08-29,Q1,NA,NA,NA,NA,NA
1989-10-31,Q1,1.232,3.237,324.1,5.118,NA
1990-01-02,Q1,1.268888888888889,3.3233333333333333,NA,5.847777777777778,NA
1990-03-06,Q1,1.4038461538461537,2.5215384615384617,NA,4.291538461538462,NA
1990-05-08,Q1,1.238,3.11,208.1,5.267,NA
1990-07-10,Q1,1.0133333333333334,3.2533333333333334,117.44444444444444,5.6433333333333335,NA
1990-09-11,Q1,0.9322222222222222,2.997777777777778,NA,5.207777777777778,NA
1990-11-13,Q1,1.0736363636363637,2.7827272727272727,132.0909090909091,4.642727272727273,NA
1991-01-15,Q1,0.8144444444444444,3.223333333333333,NA,5.7844444444444445,NA
1991-03-19,Q1,NA,NA,NA,NA,NA
1991-05-21,Q1,NA,NA,NA,NA,NA
1991-07-23,Q1,1.012,3.801,NA,6.164,NA
1991-09-24,Q1,1.1225,2.8266666666666667,80.5,4.400833333333333,NA
1991-11-26,Q1,1.1477777777777778,3.0455555555555556,NA,5.041111111111111,NA
1992-01-28,Q1,1.1520000000000001,3.128,NA,5.376,NA
1992-03-31,Q1,1.051111111111111,3.3244444444444445,NA,5.618888888888889,NA
1992-06-02,Q1,1.1566666666666667,2.8633333333333333,NA,4.7877777777777775,NA
1992-08-04,Q1,1.1144444444444446,3.236666666666667,102.66666666666667,5.694444444444445,NA
1992-10-06,Q1,0.9877777777777778,3.002222222222222,NA,5.384444444444444,NA
1992-12-08,Q1,NA,NA,NA,NA,NA
1993-02-09,Q1,1.12,3.4466666666666668,NA,5.72,NA
1993-04-13,Q1,1.22,3.4755555555555557,69.11111111111111,5.415555555555556,NA
1993-06-15,Q1,1.018888888888889,2.9566666666666666,NA,5.483333333333333,NA
1993-08-17,Q1,1.0933333333333333,3.281111111111111,43.111111111111114,5.704444444444444,NA
1993-10-19,Q1,1.1277777777777778,3.2733333333333334,12.444444444444445,5.831111111111111,NA
1993-12-21,Q1,1.0355555555555556,2.8844444444444446,NA,5.3133333333333335,NA
1994-02-22,Q1,1.0655555555555556,3.3433333333333333,NA,5.968888888888889,NA
1994-04-26,Q1,1.1566666666666667,3.7,17.444444444444443,6.6466666666666665,NA
1994-06-28,Q1,1.143,3.505,NA,6.196,NA
1994-08-30,Q1,1.22,3.3455555555555554,NA,6.12,NA
1994-11-01,Q1,1.0988888888888888,3.0444444444444443,NA,5.645555555555555,NA
1995-01-03,Q1,NA,NA,NA,NA,NA
1995-03-07,Q1,NA,NA,NA,NA,NA
1995-05-09,Q1,NA,NA,NA,NA,NA
1995-07-11,Q1,NA,NA,NA,NA,NA
1995-09-12,Q1,NA,NA,NA,NA,NA
1995-11-14,Q1,NA,NA,NA,NA,NA
1996-01-16,Q1,1.0822222222222222,3.1866666666666665,NA,5.49,NA
1996-03-19,Q1,1.1522222222222223,3.41,NA,5.72,NA
1996-05-21,Q1,1.1422222222222222,3.2244444444444444,NA,5.595555555555555,NA
1996-07-23,Q1,1.208888888888889,3.6144444444444446,NA,6.101111111111111,NA
1996-09-24,Q1,NA,NA,NA,NA,NA
1996-11-26,Q1,NA,NA,NA,NA,NA
1997-01-28,Q1,1.01,2.9033333333333333,208.77777777777777,5.078888888888889,NA
1997-04-01,Q1,1.1355555555555557,3.1577777777777776,NA,5.774444444444445,NA
1997-06-03,Q1,0.9544444444444444,2.9388888888888887,NA,5.2844444444444445,NA
1997-08-05,Q1,0.8622222222222222,3.0522222222222224,NA,5.723333333333333,NA
1997-10-07,Q1,NA,NA,NA,NA,NA
1997-12-09,Q1,NA,NA,NA,NA,NA
1998-02-10,Q1,1.251111111111111,2.56,96.11111111111111,4.17,NA
1998-04-14,Q1,NA,NA,NA,NA,NA
1998-06-16,Q1,NA,2.8966666666666665,104.66666666666667,4.777777777777778,NA
1998-08-18,Q1,1.0613333333333332,2.473333333333333,NA,4.69,NA
1998-10-20,Q1,1.1188888888888888,2.4522222222222223,228,4.731111111111111,NA
1998-12-22,Q1,1.0966666666666667,2.8377777777777777,222.11111111111111,4.88,NA
1999-02-23,Q1,1.0455555555555556,3.1533333333333333,261.8888888888889,5.883333333333334,NA
1999-04-27,Q1,NA,2.93,165.66666666666666,5.094444444444444,NA
1999-06-29,Q1,1.028888888888889,2.8088888888888888,169.22222222222223,4.562222222222222,NA
1999-08-31,Q1,NA,2.6755555555555555,158.55555555555554,4.452222222222222,NA
1999-11-02,Q1,0.9877777777777778,2.756666666666667,199.22222222222223,4.286666666666667,NA
2000-01-04,Q1,0.8988888888888888,2.9544444444444444,220.11111111111111,5.113333333333333,NA
2000-03-07,Q1,0.8733333333333333,3.34,215.55555555555554,6.064444444444445,NA
2000-05-09,Q1,0.8922222222222222,2.9611111111111112,171.55555555555554,4.9622222222222225,NA
2000-07-11,Q1,0.8344444444444444,3.25,176.77777777777777,6.1,NA
2000-09-12,Q1,0.9577777777777777,2.792222222222222,161,4.733333333333333,NA
2000-11-14,Q1,0.9922222222222222,3.292222222222222,190.22222222222223,5.567777777777778,NA
2001-01-16,Q1,0.8877777777777778,3.2944444444444443,178.88888888888889,5.704444444444444,NA
2001-03-20,Q1,1.0322222222222222,3.21,152.66666666666666,5.986666666666666,NA
2001-05-22,Q1,0.93,3.071111111111111,146.22222222222223,5.683333333333334,NA
2001-07-24,Q1,1.0022222222222221,3.3677777777777775,150.22222222222223,6.368888888888889,NA
2001-09-25,Q1,1.0633333333333332,2.9966666666666666,190.66666666666666,5.597777777777778,NA
2001-11-27,Q1,1.0622222222222222,3.1122222222222224,193.33333333333334,5.321111111111111,NA
2002-01-29,Q1,NA,NA,NA,NA,NA
2002-04-02,Q1,1.0166666666666666,2.727777777777778,NA,4.726666666666667,12.555555555555555
2002-06-04,Q1,0.93,3.2544444444444447,149.22222222222223,5.492222222222222,16.77777777777778
2002-08-06,Q1,0.8777777777777778,3.3422222222222224,168,6.198888888888889,NA
2002-10-08,Q1,0.8788888888888888,2.917777777777778,148.77777777777777,5.633333333333333,17.11111111111111
2002-12-10,Q1,0.8444444444444444,2.6455555555555557,168.22222222222223,5.992222222222222,17
2003-02-11,Q1,0.8644444444444445,3.4811111111111113,156.11111111111111,6.868888888888889,11.777777777777779
2003-04-15,Q1,0.8744444444444445,2.6122222222222224,152.55555555555554,4.404444444444445,NA
2003-06-17,Q1,0.9688888888888889,3.1855555555555557,163.66666666666666,5.041111111111111,NA
2003-08-19,Q1,1.018888888888889,2.411111111111111,151.66666666666666,4.685555555555555,NA
2003-10-21,Q1,1.02,2.901111111111111,168,5.097777777777778,NA
2003-12-23,Q1,0.8822222222222222,2.7600000000000002,NA,4.656666666666666,NA
2004-02-24,Q1,0.9577777777777778,2.9233333333333333,129.44444444444446,5.204444444444444,NA
2004-04-27,Q1,0.9944444444444445,2.3955555555555557,139.11111111111111,4.5088888888888885,NA
2004-06-29,Q1,1.1022222222222222,3.4555555555555557,NA,6.461111111111111,NA
2004-08-31,Q1,0.9288888888888889,2.8233333333333333,NA,5.762222222222222,NA
2004-11-02,Q1,1.0566666666666666,2.537777777777778,NA,5.052222222222222,NA
2005-01-04,Q1,0.7988888888888889,3.0855555555555556,175.77777777777777,5.5,NA
2005-03-08,Q1,0.8811111111111111,3.278888888888889,180.66666666666666,5.848888888888889,NA
2005-05-10,Q1,1.041111111111111,2.7311111111111113,123.66666666666667,5.013333333333334,NA
2005-07-12,Q1,0.7844444444444445,3.0944444444444446,NA,5.741111111111111,NA
2005-09-13,Q1,0.8633333333333333,2.756666666666667,149.77777777777777,4.974444444444445,NA
2005-11-15,Q1,0.79,2.9844444444444442,156.44444444444446,5.291111111111111,NA
2006-01-17,Q1,0.8144444444444444,2.8644444444444446,166.22222222222223,5.355555555555555,NA
2006-03-21,Q1,0.8355555555555555,3.151111111111111,151.22222222222223,5.863333333333333,NA
2006-05-23,Q1,0.8233333333333334,2.838888888888889,NA,NA,NA
2006-07-25,Q1,0.9044444444444445,3.2577777777777777,NA,6.322222222222222,NA
2006-09-26,Q1,0.9322222222222223,2.87,136.11111111111111,5.557777777777778,NA
2006-11-28,Q1,0.9011111111111111,3.1133333333333333,177.44444444444446,6.066666666666666,NA
2007-01-30,Q1,0.8922222222222222,3.4644444444444447,154,5.982222222222222,NA
2007-04-03,Q1,0.85,3.013333333333333,113.77777777777777,5.17,NA
2007-06-05,Q1,0.8744444444444445,3.51,147.33333333333334,6.301111111111111,NA
2007-08-07,Q1,0.8588888888888889,3.198888888888889,129.55555555555554,6.03,NA
2007-10-09,Q1,0.8544444444444445,3.152222222222222,180.55555555555554,5.526666666666666,NA
2007-12-11,Q1,NA,NA,NA,NA,NA
2008-02-12,Q1,0.8788888888888889,3.5977777777777775,159,6.448888888888889,NA
2008-04-15,Q1,0.9055555555555556,3.4322222222222223,136.77777777777777,6.5344444444444445,NA
2008-06-17,Q1,0.77,3.555,149.875,6.0562499999999995,NA
2008-08-19,Q1,0.8522222222222222,3.2777777777777777,146.33333333333334,5.195555555555556,NA
2008-10-21,Q1,0.7266666666666667,3.5122222222222224,NA,5.166666666666667,NA
2008-12-23,Q1,0.8555555555555555,3.531111111111111,161.11111111111111,6.452222222222222,NA
2009-02-24,Q1,NA,NA,NA,NA,NA
2009-04-28,Q1,0.9877777777777778,3.0844444444444443,141.11111111111111,5.553333333333334,NA
2009-06-30,Q1,0.9588888888888889,3.212222222222222,133,5.467777777777778,NA
2009-09-01,Q1,NA,NA,NA,NA,NA
2009-11-03,Q1,0.8833333333333333,2.741111111111111,108.22222222222223,5.405555555555556,NA
2010-01-05,Q1,0.79,2.8788888888888886,142.22222222222223,5.826666666666667,NA
2010-03-09,Q1,0.8811111111111111,2.148888888888889,113.22222222222223,NA,NA
2010-05-11,Q1,NA,NA,NA,NA,NA
2010-07-13,Q1,NA,NA,NA,NA,NA
2010-09-14,Q1,0.9977777777777778,3.1533333333333333,171.11111111111111,5.977777777777778,NA
2010-11-16,Q1,1.0911111111111111,2.9188888888888886,NA,5.233333333333333,NA
2011-01-18,Q1,0.8422222222222222,3.1888888888888887,NA,6.438888888888889,NA
2011-03-22,Q1,0.83,2.9833333333333334,NA,5.9655555555555555,NA
2011-05-24,Q1,0.8655555555555555,2.6044444444444443,140.66666666666666,5.861111111111111,NA
2011-07-26,Q1,NA,NA,NA,NA,NA
2011-09-27,Q1,0.8788888888888889,3.0522222222222224,NA,6.457777777777777,NA
2011-11-29,Q1,0.8477777777777777,2.8944444444444444,NA,6.511111111111111,NA
2012-01-31,Q1,0.8233333333333334,3.2055555555555557,NA,6.781111111111111,NA
2012-04-03,Q1,0.85,2.8722222222222222,NA,6.081111111111111,NA
2012-06-05,Q1,NA,NA,NA,NA,NA
2012-08-07,Q1,0.7377777777777778,2.988888888888889,NA,5.832222222222222,NA
2012-10-09,Q1,0.87,2.77,NA,5.204444444444444,NA
2012-12-11,Q1,0.9066666666666667,3.091111111111111,NA,6.035555555555556,NA
2013-02-12,Q1,0.8322222222222222,2.6766666666666667,NA,4.542222222222222,NA
2013-04-16,Q1,0.8522222222222222,2.772222222222222,NA,5.15,NA
2013-06-18,Q1,NA,NA,NA,NA,NA
2013-08-20,Q1,NA,NA,NA,NA,NA
2013-10-22,Q1,0.8688888888888888,2.7311111111111113,NA,5.025555555555556,NA
2013-12-24,Q1,0.8933333333333333,3.013333333333333,NA,5.207777777777777,NA
2014-02-25,Q1,NA,NA,NA,NA,NA
2014-04-29,Q1,0.9055555555555556,3.4266666666666667,NA,5.681111111111111,NA
2014-07-01,Q1,NA,NA,NA,NA,NA
2014-09-02,Q1,0.9466666666666667,3.562222222222222,131.66666666666666,6.148888888888889,NA
2014-11-04,Q1,0.833,2.779,NA,5.125,NA
2015-01-06,Q1,0.8987499999999999,3.22375,NA,5.9475,NA
2015-03-10,Q1,0.9911111111111112,3.6844444444444444,NA,6.555555555555555,NA
2015-05-12,Q1,NA,NA,NA,NA,NA
2015-07-14,Q1,0.8166666666666667,3.3266666666666667,NA,6.423333333333334,NA
2015-09-15,Q1,0.8322222222222222,3.18,NA,5.8,NA
2015-11-17,Q1,0.8677777777777778,3.2444444444444445,NA,6.405555555555556,NA
2016-01-19,Q1,NA,NA,NA,NA,NA
2016-03-22,Q1,1.038888888888889,3.3622222222222224,NA,6.842222222222222,NA
2016-05-24,Q1,0.9244444444444444,2.9766666666666666,101.55555555555556,6,NA
2016-07-26,Q1,0.9311111111111111,2.9044444444444446,NA,5.6433333333333335,NA
2016-09-27,Q1,0.9388888888888889,3.022222222222222,121.44444444444444,5.832222222222223,NA
2016-11-29,Q1,0.9388888888888889,2.6055555555555556,133.44444444444446,5.036666666666666,NA
2017-01-31,Q1,0.9766666666666667,2.94,117.11111111111111,5.365555555555556,NA
2017-04-04,Q1,0.99,2.7644444444444445,NA,5.064444444444445,NA
2017-06-06,Q1,0.9177777777777778,3.307777777777778,110.44444444444444,5.997777777777777,NA
2017-08-08,Q1,NA,NA,NA,NA,NA
2017-10-10,Q1,NA,NA,NA,NA,NA
2017-12-12,Q1,1.2255555555555555,2.8266666666666667,NA,5.2122222222222225,NA
2018-02-13,Q1,0.9400000000000001,2.5766666666666667,88,5.155555555555555,NA
2018-04-17,Q1,1.0077777777777779,2.8111111111111113,NA,5.323333333333333,NA
2018-06-19,Q1,0.9933333333333333,3.04,NA,5.904444444444445,NA
2018-08-21,Q1,NA,NA,NA,NA,NA
2018-10-23,Q1,NA,NA,NA,NA,NA
2018-12-25,Q1,NA,NA,NA,NA,NA
2019-02-26,Q1,0.9144444444444444,3.341111111111111,NA,6.39,NA
2019-04-30,Q1,0.8966666666666666,3.1688888888888886,NA,5.982222222222222,NA
2019-07-02,Q1,0.8655555555555555,2.9588888888888887,NA,5.556666666666667,NA
2019-09-03,Q1,0.9033333333333333,3.11,NA,5.3533333333333335,NA
2019-11-05,Q1,0.9933333333333333,2.7622222222222224,NA,5.04,NA
2020-01-07,Q1,0.8866666666666667,2.641111111111111,128,4.823333333333333,NA
2020-03-10,Q1,NA,NA,NA,NA,NA
2020-05-12,Q1,NA,NA,NA,NA,NA
2020-07-14,Q1,NA,NA,NA,NA,NA
2020-09-15,Q1,NA,NA,NA,NA,NA
2020-11-17,Q1,NA,NA,NA,NA,10.285714285714286
1986-05-20,Q2,0.79,3.0033333333333334,208.66666666666666,4.9,NA
1986-07-22,Q2,NA,NA,NA,NA,NA
1986-09-23,Q2,0.716,2.43,206.6,4.946,22.6
1986-11-25,Q2,0.6922222222222223,2.5211111111111113,268.1111111111111,4.742222222222222,NA
1987-01-27,Q2,0.76,2.658888888888889,NA,4.924444444444444,NA
1987-03-31,Q2,0.9455555555555556,2.29,NA,4.682222222222222,39
1987-06-02,Q2,0.8188888888888889,2.49,232.77777777777777,4.915555555555556,70.66666666666667
1987-08-04,Q2,0.8530769230769231,2.037692307692308,231.3846153846154,4.03,32.84615384615385
1987-10-06,Q2,0.856,2.0949999999999998,191,4.21,12.1
1987-12-08,Q2,NA,NA,NA,NA,NA
1988-02-09,Q2,NA,NA,NA,NA,NA
1988-04-12,Q2,NA,NA,NA,NA,NA
1988-06-14,Q2,0.7545454545454545,2.2381818181818183,NA,3.561818181818182,NA
1988-08-16,Q2,NA,NA,NA,NA,NA
1988-10-18,Q2,NA,NA,NA,NA,NA
1988-12-20,Q2,0.9077777777777778,2.4833333333333334,219.11111111111111,4.488888888888889,NA
1989-02-21,Q2,NA,NA,NA,NA,NA
1989-04-25,Q2,0.9366666666666666,2.6755555555555555,174,4.58,NA
1989-06-27,Q2,1.0044444444444445,2.3566666666666665,176,4.605555555555556,NA
1989-08-29,Q2,NA,NA,NA,NA,NA
1989-10-31,Q2,1.339,3.138,424.3,6.071,NA
1990-01-02,Q2,1.3822222222222222,3.12,NA,6.677777777777778,NA
1990-03-06,Q2,1.393076923076923,2.46,NA,5.222307692307692,NA
1990-05-08,Q2,1.262,3.079,301.5,6.397,NA
1990-07-10,Q2,0.9955555555555555,3.2844444444444445,177.44444444444446,7.045555555555556,NA
1990-09-11,Q2,0.8822222222222222,2.76,101,6.1322222222222225,NA
1990-11-13,Q2,1.0463636363636364,2.9263636363636363,211.45454545454547,6.368181818181818,NA
1991-01-15,Q2,0.8288888888888889,3.0255555555555556,NA,6.865555555555556,NA
1991-03-19,Q2,NA,NA,NA,NA,NA
1991-05-21,Q2,NA,NA,NA,NA,NA
1991-07-23,Q2,1.271,3.157,60.2,6.536,NA
1991-09-24,Q2,1.2816666666666667,2.6133333333333333,170.83333333333334,4.645833333333333,NA
1991-11-26,Q2,1.198888888888889,3.051111111111111,296.1111111111111,5.783333333333333,NA
1992-01-28,Q2,1.284,2.969,NA,6.08,NA
1992-03-31,Q2,1.1555555555555557,2.8533333333333335,NA,5.455555555555556,NA
1992-06-02,Q2,1.26,2.9877777777777776,58,6.188888888888889,NA
1992-08-04,Q2,1.2733333333333332,3.04,79.66666666666667,6.444444444444445,NA
1992-10-06,Q2,1.1822222222222223,2.738888888888889,NA,5.905555555555556,NA
1992-12-08,Q2,NA,NA,NA,NA,NA
1993-02-09,Q2,1.38,3.3477777777777775,NA,6.855555555555555,NA
1993-04-13,Q2,1.3155555555555556,2.8722222222222222,NA,5.665555555555556,NA
1993-06-15,Q2,NA,NA,NA,NA,NA
1993-08-17,Q2,1.2966666666666666,2.8777777777777778,NA,6.525555555555555,NA
1993-10-19,Q2,1.3855555555555557,2.966666666666667,41.22222222222222,6.611111111111112,NA
1993-12-21,Q2,1.3711111111111112,2.694444444444444,NA,5.996666666666667,NA
1994-02-22,Q2,1.3444444444444446,2.9522222222222223,NA,6.587777777777778,NA
1994-04-26,Q2,NA,NA,NA,NA,NA
1994-06-28,Q2,NA,NA,NA,NA,NA
1994-08-30,Q2,NA,NA,NA,NA,NA
1994-11-01,Q2,NA,NA,NA,NA,NA
1995-01-03,Q2,NA,NA,NA,NA,NA
1995-03-07,Q2,NA,NA,NA,NA,NA
1995-05-09,Q2,NA,NA,NA,NA,NA
1995-07-11,Q2,NA,NA,NA,NA,NA
1995-09-12,Q2,NA,NA,NA,NA,NA
1995-11-14,Q2,NA,NA,NA,NA,NA
1996-01-16,Q2,NA,NA,NA,NA,NA
1996-03-19,Q2,1.123,2.888,NA,5.861,NA
1996-05-21,Q2,1.3544444444444443,2.8966666666666665,NA,6.142222222222222,NA
1996-07-23,Q2,1.22,3.118888888888889,NA,6.585555555555556,NA
1996-09-24,Q2,NA,NA,NA,NA,NA
1996-11-26,Q2,1.19625,2.99,314.25,7.0575,NA
1997-01-28,Q2,1.0477777777777777,2.982222222222222,299.1111111111111,6.6177777777777775,NA
1997-04-01,Q2,NA,NA,NA,NA,NA
1997-06-03,Q2,0.9755555555555555,2.7111111111111112,NA,5.71,NA
1997-08-05,Q2,0.9966666666666667,2.6822222222222223,104.88888888888889,5.9222222222222225,NA
1997-10-07,Q2,NA,NA,NA,NA,NA
1997-12-09,Q2,NA,1.9633333333333334,NA,4.704444444444444,NA
1998-02-10,Q2,1.3077777777777777,2.49,112,4.087777777777777,NA
1998-04-14,Q2,1.1011111111111112,2.4322222222222223,NA,4.908888888888889,NA
1998-06-16,Q2,NA,NA,NA,NA,NA
1998-08-18,Q2,1.1713333333333333,2.51,NA,5.642666666666667,NA
1998-10-20,Q2,1.2144444444444444,2.577777777777778,352.55555555555554,6.316666666666666,NA
1998-12-22,Q2,1.0977777777777777,3.192222222222222,341,6.183333333333334,NA
1999-02-23,Q2,1.1655555555555557,3.2044444444444444,279.3333333333333,6.612222222222222,NA
1999-04-27,Q2,1.2077777777777778,2.901111111111111,200.33333333333334,6.057777777777778,NA
1999-06-29,Q2,1.0222222222222221,2.3844444444444446,136.66666666666666,4.648888888888889,NA
1999-08-31,Q2,0.9766666666666667,2.5011111111111113,209,5.2588888888888885,NA
1999-11-02,Q2,NA,NA,269.6,NA,NA
2000-01-04,Q2,0.8355555555555556,2.8233333333333333,216.55555555555554,5.558888888888889,NA
2000-03-07,Q2,1,3.32,225.8,6.494,NA
2000-05-09,Q2,NA,NA,NA,NA,NA
2000-07-11,Q2,NA,NA,NA,NA,NA
2000-09-12,Q2,0.9066666666666667,2.422222222222222,130.11111111111111,4.94,NA
2000-11-14,Q2,0.9866666666666667,2.8033333333333332,170,5.474444444444444,NA
2001-01-16,Q2,NA,NA,NA,NA,NA
2001-03-20,Q2,NA,NA,NA,NA,NA
2001-05-22,Q2,NA,NA,NA,NA,NA
2001-07-24,Q2,NA,NA,NA,NA,NA
2001-09-25,Q2,NA,NA,NA,NA,NA
2001-11-27,Q2,0.9966666666666667,2.8133333333333335,220.22222222222223,5.191111111111111,NA
2002-01-29,Q2,0.9855555555555555,3.1066666666666665,198.11111111111111,5.951111111111111,NA
2002-04-02,Q2,1.047777777777778,2.5188888888888887,NA,5.0311111111111115,NA
2002-06-04,Q2,0.9555555555555556,2.922222222222222,138.33333333333334,5.696666666666666,8.333333333333334
2002-08-06,Q2,NA,NA,NA,NA,NA
2002-10-08,Q2,0.91,2.6222222222222222,119.44444444444444,5.771111111111111,NA
2002-12-10,Q2,0.8911111111111111,2.5733333333333333,152.66666666666666,5.497777777777777,10.88888888888889
2003-02-11,Q2,0.9666666666666667,3.0477777777777777,139.88888888888889,6.912222222222223,NA
2003-04-15,Q2,1.16,2.42,173.77777777777777,4.561111111111111,10
2003-06-17,Q2,1.1133333333333333,2.723333333333333,169,4.756666666666667,NA
2003-08-19,Q2,1.021111111111111,2.2755555555555556,158,4.864444444444445,NA
2003-10-21,Q2,1.0466666666666666,2.53,183.33333333333334,5.4366666666666665,NA
2003-12-23,Q2,0.9655555555555556,2.5166666666666666,160.33333333333334,5.512222222222222,NA
2004-02-24,Q2,1.0577777777777777,2.6055555555555556,154.55555555555554,5.412222222222222,NA
2004-04-27,Q2,1.018888888888889,2.3266666666666667,NA,4.624444444444444,NA
2004-06-29,Q2,1.3466666666666667,3.3955555555555557,99.88888888888889,6.806666666666667,NA
2004-08-31,Q2,1.03,2.598888888888889,NA,5.476666666666667,NA
2004-11-02,Q2,0.9266666666666666,2.4444444444444446,113.44444444444444,5.376666666666667,NA
2005-01-04,Q2,0.7811111111111111,2.8622222222222224,152,5.996666666666667,NA
2005-03-08,Q2,0.8688888888888889,2.891111111111111,145.11111111111111,6.101111111111111,NA
2005-05-10,Q2,0.9288888888888889,2.551111111111111,NA,5.467777777777778,NA
2005-07-12,Q2,0.75,2.608888888888889,NA,5.82,NA
2005-09-13,Q2,0.8177777777777778,2.517777777777778,126.33333333333333,5.4688888888888885,NA
2005-11-15,Q2,0.7533333333333333,2.796666666666667,136.77777777777777,6.133333333333333,NA
2006-01-17,Q2,0.7966666666666666,2.678888888888889,123.77777777777777,5.5,NA
2006-03-21,Q2,0.8377777777777778,2.7888888888888888,106.55555555555556,6.1433333333333335,NA
2006-05-23,Q2,NA,2.6133333333333333,145.11111111111111,5.594444444444444,NA
2006-07-25,Q2,0.8577777777777778,2.922222222222222,NA,6.7700000000000005,NA
2006-09-26,Q2,0.8788888888888889,2.5322222222222224,100.22222222222223,6,NA
2006-11-28,Q2,0.8666666666666667,2.8344444444444443,130.55555555555554,6.492222222222222,NA
2007-01-30,Q2,0.8911111111111111,3.1355555555555554,130,6.456666666666667,NA
2007-04-03,Q2,0.8477777777777777,2.647777777777778,NA,5.061111111111111,NA
2007-06-05,Q2,0.89,2.908888888888889,118.22222222222223,6.087777777777778,NA
2007-08-07,Q2,0.8411111111111111,2.756666666666667,92.77777777777777,5.9511111111111115,NA
2007-10-09,Q2,0.8077777777777778,2.641111111111111,154.66666666666666,5.7588888888888885,NA
2007-12-11,Q2,NA,NA,NA,NA,NA
2008-02-12,Q2,0.8666666666666667,3.148888888888889,108.11111111111111,6.342222222222222,NA
2008-04-15,Q2,0.9177777777777778,2.9444444444444446,92.55555555555556,6.631111111111111,NA
2008-06-17,Q2,0.8975,3.2975000000000003,119.25,6.7,NA
2008-08-19,Q2,0.8377777777777777,2.898888888888889,111.88888888888889,5.502222222222223,NA
2008-10-21,Q2,0.7355555555555555,3.37,128.22222222222223,6.203333333333333,NA
2008-12-23,Q2,0.8355555555555555,3.1566666666666667,121,7.202222222222223,NA
2009-02-24,Q2,0.9222222222222222,3.3066666666666666,134.66666666666666,7.966666666666667,NA
2009-04-28,Q2,0.9711111111111111,2.8022222222222224,100.66666666666667,6.076666666666667,NA
2009-06-30,Q2,0.9544444444444444,2.993333333333333,108.22222222222223,6.183333333333334,NA
2009-09-01,Q2,0.9355555555555556,2.8533333333333335,86,6.763333333333334,NA
2009-11-03,Q2,0.9355555555555556,2.8655555555555554,NA,6.624444444444444,NA
2010-01-05,Q2,0.8266666666666667,2.9122222222222223,118.33333333333333,6.915555555555556,NA
2010-03-09,Q2,0.7422222222222222,2.8966666666666665,95.66666666666667,6.372222222222222,NA
2010-05-11,Q2,0.8088888888888889,2.668888888888889,110.33333333333333,5.928888888888889,NA
2010-07-13,Q2,NA,NA,NA,NA,NA
2010-09-14,Q2,NA,NA,169.11111111111111,NA,NA
2010-11-16,Q2,1.1300000000000001,2.9144444444444444,NA,6.386666666666667,NA
2011-01-18,Q2,0.7266666666666667,2.98,NA,7.401111111111111,NA
2011-03-22,Q2,NA,NA,NA,NA,NA
2011-05-24,Q2,0.8233333333333334,2.5166666666666666,NA,7.257777777777778,NA
2011-07-26,Q2,NA,NA,NA,NA,NA
2011-09-27,Q2,0.8266666666666667,2.9133333333333336,NA,7.573333333333333,NA
2011-11-29,Q2,0.7944444444444444,2.838888888888889,134.88888888888889,7.59,NA
2012-01-31,Q2,0.8322222222222222,2.973333333333333,NA,7.822222222222222,NA
2012-04-03,Q2,0.8133333333333334,2.8111111111111113,NA,7.281111111111111,NA
2012-06-05,Q2,0.7644444444444445,2.7177777777777776,NA,6.448888888888889,NA
2012-08-07,Q2,0.7911111111111111,2.778888888888889,NA,6.511111111111111,NA
2012-10-09,Q2,0.86,2.401111111111111,NA,5.383333333333334,NA
2012-12-11,Q2,0.86,2.9033333333333333,NA,6.777777777777778,NA
2013-02-12,Q2,0.8833333333333333,2.6266666666666665,NA,5.105555555555555,NA
2013-04-16,Q2,0.8366666666666667,2.6144444444444446,NA,5.738888888888889,NA
2013-06-18,Q2,NA,NA,NA,NA,NA
2013-08-20,Q2,NA,NA,NA,NA,NA
2013-10-22,Q2,0.8744444444444445,2.57,NA,5.98,NA
2013-12-24,Q2,0.8888888888888888,2.867777777777778,NA,5.88,NA
2014-02-25,Q2,0.9355555555555556,3.5077777777777777,NA,7.032222222222222,NA
2014-04-29,Q2,NA,NA,NA,NA,NA
2014-07-01,Q2,0.9833333333333334,3.1,NA,6.622222222222222,NA
2014-09-02,Q2,0.9788888888888889,3.0933333333333333,NA,6.475555555555555,NA
2014-11-04,Q2,0.8089999999999999,2.809,NA,6.01,NA
2015-01-06,Q2,0.9025,3.04375,NA,6.66125,NA
2015-03-10,Q2,1.04,3.477777777777778,NA,7.191111111111111,NA
2015-05-12,Q2,NA,NA,NA,NA,NA
2015-07-14,Q2,NA,NA,NA,NA,NA
2015-09-15,Q2,NA,NA,NA,NA,NA
2015-11-17,Q2,0.8333333333333334,2.272222222222222,NA,5.252222222222223,NA
2016-01-19,Q2,NA,NA,NA,NA,NA
2016-03-22,Q2,0.9522222222222222,2.7855555555555553,NA,6.7877777777777775,NA
2016-05-24,Q2,0.9011111111111111,2.8244444444444445,NA,6.948888888888889,NA
2016-07-26,Q2,0.9655555555555556,2.5644444444444443,NA,6.155555555555556,NA
2016-09-27,Q2,0.9588888888888889,2.8633333333333333,NA,6.616666666666666,NA
2016-11-29,Q2,0.9155555555555556,2.5566666666666666,138.77777777777777,6.168888888888889,NA
2017-01-31,Q2,1.0344444444444445,2.828888888888889,137.55555555555554,6.2,NA
2017-04-04,Q2,0.9877777777777778,2.4877777777777776,NA,5.764444444444445,NA
2017-06-06,Q2,0.9666666666666667,2.7022222222222223,114.33333333333333,6.2811111111111115,NA
2017-08-08,Q2,NA,NA,NA,NA,NA
2017-10-10,Q2,NA,NA,NA,NA,NA
2017-12-12,Q2,NA,NA,NA,NA,NA
2018-02-13,Q2,1.1144444444444443,2.7955555555555556,NA,6.148888888888889,NA
2018-04-17,Q2,1.0922222222222222,2.771111111111111,NA,6.192222222222222,NA
2018-06-19,Q2,NA,NA,NA,NA,NA
2018-08-21,Q2,NA,NA,NA,NA,NA
2018-10-23,Q2,NA,NA,NA,NA,NA
2018-12-25,Q2,NA,NA,NA,NA,NA
2019-02-26,Q2,1.1377777777777778,3.046666666666667,NA,6.747777777777777,NA
2019-04-30,Q2,1.12,2.832222222222222,NA,6.37,NA
2019-07-02,Q2,1.1077777777777778,2.6888888888888887,NA,5.8133333333333335,NA
2019-09-03,Q2,1.0222222222222221,2.758888888888889,NA,5.46,NA
2019-11-05,Q2,1.2155555555555555,2.75,NA,5.626666666666667,NA
2020-01-07,Q2,1.1144444444444443,2.6944444444444446,276.1111111111111,5.387777777777778,NA
2020-03-10,Q2,NA,NA,NA,NA,NA
2020-05-12,Q2,NA,NA,NA,NA,NA
2020-07-14,Q2,NA,NA,NA,NA,NA
2020-09-15,Q2,NA,NA,NA,NA,NA
2020-11-17,Q2,1.0971428571428572,3.0957142857142856,256.14285714285717,6.815714285714286,NA
1986-05-20,Q3,0.7033333333333333,3.4333333333333336,119.66666666666667,3.9533333333333336,NA
1986-07-22,Q3,NA,NA,NA,NA,NA
1986-09-23,Q3,0.566,2.606,NA,3.606,24.6
1986-11-25,Q3,0.56,2.738888888888889,197.88888888888889,3.462222222222222,NA
1987-01-27,Q3,0.6222222222222222,3.0477777777777777,193.77777777777777,3.7266666666666666,NA
1987-03-31,Q3,0.6922222222222222,2.4544444444444444,182.11111111111111,3.428888888888889,46
1987-06-02,Q3,0.6666666666666666,2.4044444444444446,175.22222222222223,3.621111111111111,80.88888888888889
1987-08-04,Q3,0.7055555555555555,2.948888888888889,NA,3.9033333333333333,NA
1987-10-06,Q3,0.577,2.106,209.7,3.079,NA
1987-12-08,Q3,NA,NA,NA,NA,NA
1988-02-09,Q3,NA,NA,NA,NA,NA
1988-04-12,Q3,NA,NA,NA,NA,NA
1988-06-14,Q3,NA,NA,NA,NA,NA
1988-08-16,Q3,NA,NA,NA,NA,NA
1988-10-18,Q3,NA,NA,184,NA,NA
1988-12-20,Q3,0.7922222222222223,2.761111111111111,188.88888888888889,3.87,NA
1989-02-21,Q3,NA,NA,NA,NA,NA
1989-04-25,Q3,0.7544444444444445,2.9,145.22222222222223,4.1755555555555555,NA
1989-06-27,Q3,0.8044444444444444,2.626666666666667,111.22222222222223,3.4266666666666667,NA
1989-08-29,Q3,NA,NA,NA,NA,NA
1989-10-31,Q3,1.4889999999999999,3.586,424.5,4.354,NA
1990-01-02,Q3,1.4577777777777778,3.61,NA,5.15,NA
1990-03-06,Q3,1.406153846153846,2.644615384615385,NA,3.683076923076923,NA
1990-05-08,Q3,1.304,3.278,308,4.443,NA
1990-07-10,Q3,1.0666666666666667,3.4144444444444444,NA,5.423333333333333,NA
1990-09-11,Q3,0.9577777777777777,3.2544444444444447,114.55555555555556,5.295555555555556,NA
1990-11-13,Q3,0.9927272727272728,2.8363636363636364,NA,4.458181818181818,NA
1991-01-15,Q3,0.7888888888888889,3.8155555555555556,NA,4.995555555555556,NA
1991-03-19,Q3,NA,NA,NA,NA,NA
1991-05-21,Q3,NA,NA,NA,NA,NA
1991-07-23,Q3,NA,3.269,107.1,4.54,NA
1991-09-24,Q3,0.8916666666666667,3.0091666666666668,147.91666666666666,4.235833333333333,NA
1991-11-26,Q3,0.9144444444444445,3.0955555555555554,216.77777777777777,4.552222222222222,NA
1992-01-28,Q3,1.159,3.3930000000000002,NA,5.371,NA
1992-03-31,Q3,0.9644444444444444,3.088888888888889,NA,5.408888888888889,NA
1992-06-02,Q3,0.9077777777777778,2.8355555555555556,74.11111111111111,4.177777777777778,NA
1992-08-04,Q3,1.1233333333333333,2.918888888888889,49.666666666666664,4.372222222222223,NA
1992-10-06,Q3,0.9655555555555556,3.2311111111111113,51.111111111111114,4.5488888888888885,NA
1992-12-08,Q3,NA,NA,NA,NA,NA
1993-02-09,Q3,0.8233333333333334,3.256666666666667,NA,4.522222222222222,NA
1993-04-13,Q3,NA,NA,NA,NA,NA
1993-06-15,Q3,NA,NA,NA,NA,NA
1993-08-17,Q3,0.8633333333333334,NA,NA,4.736666666666666,NA
1993-10-19,Q3,0.8366666666666667,3.013333333333333,NA,4.5344444444444445,NA
1993-12-21,Q3,0.8077777777777778,2.6155555555555554,NA,4.054444444444444,NA
1994-02-22,Q3,0.9011111111111111,3.312222222222222,NA,4.912222222222222,NA
1994-04-26,Q3,0.8555555555555555,3.5833333333333335,17.11111111111111,5.291111111111111,NA
1994-06-28,Q3,0.888,3.54,NA,5,NA
1994-08-30,Q3,0.8577777777777778,3.3277777777777775,NA,4.845555555555555,NA
1994-11-01,Q3,0.8477777777777777,3.082222222222222,NA,4.412222222222222,NA
1995-01-03,Q3,0.9033333333333333,3.5677777777777777,NA,4.972222222222222,NA
1995-03-07,Q3,NA,NA,NA,NA,NA
1995-05-09,Q3,NA,NA,NA,NA,NA
1995-07-11,Q3,NA,NA,NA,NA,NA
1995-09-12,Q3,NA,NA,NA,NA,NA
1995-11-14,Q3,NA,NA,NA,NA,NA
1996-01-16,Q3,1.0255555555555556,3.9388888888888887,NA,5.585555555555556,NA
1996-03-19,Q3,0.8525,3.3537500000000002,NA,4.78625,NA
1996-05-21,Q3,0.9277777777777778,3.4277777777777776,NA,4.763333333333334,NA
1996-07-23,Q3,0.9922222222222222,3.47,NA,4.943333333333333,NA
1996-09-24,Q3,0.9822222222222222,2.9744444444444444,NA,4.321111111111111,NA
1996-11-26,Q3,NA,NA,NA,NA,NA
1997-01-28,Q3,NA,3.198888888888889,NA,4.756666666666667,NA
1997-04-01,Q3,1.0355555555555556,3.267777777777778,NA,5.162222222222222,NA
1997-06-03,Q3,0.71,2.6222222222222222,161.66666666666666,4.065555555555555,NA
1997-08-05,Q3,1.0611111111111111,3.158888888888889,149,4.761111111111111,NA
1997-10-07,Q3,NA,1.9566666666666666,NA,NA,NA
1997-12-09,Q3,NA,NA,NA,NA,NA
1998-02-10,Q3,NA,2.9055555555555554,105.33333333333333,4.174444444444444,NA
1998-04-14,Q3,0.8722222222222222,2.1555555555555554,NA,3.2744444444444447,NA
1998-06-16,Q3,NA,NA,NA,NA,NA
1998-08-18,Q3,0.8415384615384616,2.2984615384615386,NA,NA,NA
1998-10-20,Q3,1.2477777777777777,2.658888888888889,465,4.277777777777778,NA
1998-12-22,Q3,1.0622222222222222,2.8877777777777776,389.55555555555554,4.298888888888889,NA
1999-02-23,Q3,0.9244444444444444,3.367777777777778,237.77777777777777,5.156666666666666,NA
1999-04-27,Q3,0.9744444444444444,3.2688888888888887,155,5.011111111111111,NA
1999-06-29,Q3,0.8866666666666667,2.736666666666667,158.88888888888889,3.7422222222222223,NA
1999-08-31,Q3,0.7633333333333333,2.66,169.88888888888889,3.9755555555555553,NA
1999-11-02,Q3,0.7933333333333333,2.9255555555555555,228.88888888888889,4.06,NA
2000-01-04,Q3,0.8633333333333333,3.1444444444444444,NA,4.415555555555556,NA
2000-03-07,Q3,0.7233333333333334,3.522222222222222,NA,5.26,NA
2000-05-09,Q3,0.6711111111111111,3.0433333333333334,106.55555555555556,4.467777777777778,NA
2000-07-11,Q3,0.68,3.121111111111111,102.88888888888889,4.8566666666666665,NA
2000-09-12,Q3,0.7177777777777777,2.6844444444444444,132.22222222222223,3.9955555555555557,NA
2000-11-14,Q3,0.7144444444444444,3.062222222222222,NA,4.666666666666667,NA
2001-01-16,Q3,0.7111111111111111,3.2888888888888888,129.88888888888889,4.881111111111111,NA
2001-03-20,Q3,0.7244444444444444,2.971111111111111,84.88888888888889,4.566666666666666,NA
2001-05-22,Q3,0.77,3.2422222222222223,100.11111111111111,4.942222222222222,NA
2001-07-24,Q3,NA,NA,NA,NA,NA
2001-09-25,Q3,0.7822222222222223,2.971111111111111,132.77777777777777,4.648888888888889,NA
2001-11-27,Q3,0.6911111111111111,2.7333333333333334,160,4.067777777777778,NA
2002-01-29,Q3,0.7533333333333333,3.1744444444444446,154.33333333333334,5.0377777777777775,NA
2002-04-02,Q3,0.7466666666666667,2.6444444444444444,NA,3.951111111111111,NA
2002-06-04,Q3,0.6844444444444444,3.1777777777777776,110.11111111111111,4.692222222222222,NA
2002-08-06,Q3,0.64,3.147777777777778,113.88888888888889,4.6722222222222225,NA
2002-10-08,Q3,0.6233333333333333,2.89,108.44444444444444,4.424444444444444,NA
2002-12-10,Q3,0.7366666666666667,2.74,130.66666666666666,4.552222222222222,NA
2003-02-11,Q3,0.6544444444444445,3.418888888888889,97.88888888888889,5.405555555555556,NA
2003-04-15,Q3,0.7055555555555556,2.5155555555555558,114.22222222222223,3.721111111111111,NA
2003-06-17,Q3,0.7644444444444445,3.0255555555555556,124.44444444444444,4.363333333333333,NA
2003-08-19,Q3,0.6711111111111111,2.4033333333333333,123.77777777777777,3.85,NA
2003-10-21,Q3,0.7444444444444445,2.5344444444444445,140.22222222222223,4.033333333333333,NA
2003-12-23,Q3,0.7455555555555555,2.8166666666666664,NA,4.201111111111111,NA
2004-02-24,Q3,0.7511111111111111,2.712222222222222,102.88888888888889,4.434444444444445,NA
2004-04-27,Q3,0.8877777777777778,2.6055555555555556,104.22222222222223,4.045555555555556,NA
2004-06-29,Q3,0.9566666666666667,3.5033333333333334,NA,5.213333333333333,NA
2004-08-31,Q3,0.7744444444444445,2.741111111111111,NA,4.907777777777778,NA
2004-11-02,Q3,0.8544444444444445,2.6233333333333335,NA,4.602222222222222,NA
2005-01-04,Q3,0.6077777777777778,2.991111111111111,121.11111111111111,4.702222222222222,NA
2005-03-08,Q3,0.6322222222222222,3.1755555555555555,87.77777777777777,4.99,NA
2005-05-10,Q3,0.7988888888888889,2.7733333333333334,NA,4.325555555555556,NA
2005-07-12,Q3,0.6044444444444445,2.8822222222222225,NA,4.573333333333333,NA
2005-09-13,Q3,0.63,2.5211111111111113,106,4.078888888888889,NA
2005-11-15,Q3,NA,2.5355555555555553,NA,NA,NA
2006-01-17,Q3,0.6666666666666666,2.867777777777778,118.77777777777777,4.7988888888888885,NA
2006-03-21,Q3,0.6722222222222223,3.0233333333333334,69,4.851111111111111,NA
2006-05-23,Q3,0.8099999999999999,2.8755555555555556,114.77777777777777,4.805555555555555,NA
2006-07-25,Q3,0.711111111111111,3.106666666666667,NA,5.32,NA
2006-09-26,Q3,0.6811111111111111,2.68,NA,4.45,NA
2006-11-28,Q3,0.7233333333333333,3.0544444444444445,104.55555555555556,5.042222222222223,NA
2007-01-30,Q3,0.71,3.5444444444444443,77,5.1866666666666665,NA
2007-04-03,Q3,0.6788888888888889,2.9277777777777776,NA,4.4399999999999995,NA
2007-06-05,Q3,0.7077777777777777,3.3066666666666666,75.22222222222223,4.984444444444445,NA
2007-08-07,Q3,0.6933333333333334,3.152222222222222,84.22222222222223,5.1322222222222225,NA
2007-10-09,Q3,0.5977777777777777,2.882222222222222,128.88888888888889,4.481111111111111,NA
2007-12-11,Q3,NA,NA,NA,NA,NA
2008-02-12,Q3,0.68,3.5411111111111113,70.44444444444444,5.33,NA
2008-04-15,Q3,0.7011111111111111,3.243333333333333,54.111111111111114,5.332222222222222,NA
2008-06-17,Q3,0.71125,3.7975,82.75,5.54875,NA
2008-08-19,Q3,0.7455555555555555,3.051111111111111,77.66666666666667,4.11,NA
2008-10-21,Q3,0.57,3.5633333333333335,99.55555555555556,4.641111111111111,NA
2008-12-23,Q3,0.6344444444444445,3.4522222222222223,NA,5.401111111111111,NA
2009-02-24,Q3,0.6855555555555556,3.818888888888889,NA,6.147777777777778,NA
2009-04-28,Q3,0.77,3.048888888888889,68.55555555555556,4.647777777777778,NA
2009-06-30,Q3,0.7244444444444444,3.1044444444444443,84.22222222222223,4.467777777777778,NA
2009-09-01,Q3,0.7277777777777777,3.0122222222222224,84.22222222222223,5.102222222222222,NA
2009-11-03,Q3,0.7266666666666667,2.9844444444444442,82.77777777777777,5.038888888888889,NA
2010-01-05,Q3,0.65,2.918888888888889,82,5.017777777777778,NA
2010-03-09,Q3,0.6577777777777778,2.78,79.77777777777777,4.912222222222222,NA
2010-05-11,Q3,0.6244444444444445,2.6666666666666665,67.66666666666667,4.122222222222222,NA
2010-07-13,Q3,NA,NA,NA,NA,NA
2010-09-14,Q3,0.9188888888888889,2.8422222222222224,141.44444444444446,4.6466666666666665,NA
2010-11-16,Q3,0.6922222222222222,3.06,NA,4.747777777777777,NA
2011-01-18,Q3,0.6122222222222222,3.2866666666666666,NA,5.538888888888889,NA
2011-03-22,Q3,0.5922222222222222,2.9844444444444442,NA,4.995555555555556,NA
2011-05-24,Q3,0.6233333333333333,2.6155555555555554,58.55555555555556,4.961111111111111,NA
2011-07-26,Q3,NA,NA,NA,NA,NA
2011-09-27,Q3,0.6511111111111111,2.9344444444444444,NA,5.392222222222222,NA
2011-11-29,Q3,0.6788888888888889,2.8577777777777778,119.55555555555556,5.613333333333333,NA
2012-01-31,Q3,0.6122222222222222,3.1666666666666665,NA,5.683333333333334,NA
2012-04-03,Q3,0.6377777777777778,2.8022222222222224,NA,5.013333333333334,NA
2012-06-05,Q3,NA,NA,NA,NA,NA
2012-08-07,Q3,0.6033333333333333,2.9988888888888887,NA,5.0777777777777775,NA
2012-10-09,Q3,0.5833333333333334,2.5844444444444443,NA,4.145555555555555,NA
2012-12-11,Q3,0.6622222222222223,3.0255555555555556,NA,4.988888888888889,NA
2013-02-12,Q3,0.6377777777777778,2.9855555555555555,NA,4.042222222222223,NA
2013-04-16,Q3,0.5955555555555556,2.827777777777778,NA,4.271111111111111,NA
2013-06-18,Q3,NA,NA,NA,NA,NA
2013-08-20,Q3,NA,NA,NA,NA,NA
2013-10-22,Q3,0.611111111111111,2.59,NA,4.042222222222222,NA
2013-12-24,Q3,0.6955555555555556,2.96,NA,4.532222222222222,NA
2014-02-25,Q3,NA,NA,NA,NA,NA
2014-04-29,Q3,0.6933333333333334,3.2844444444444445,NA,4.8244444444444445,NA
2014-07-01,Q3,0.8111111111111111,3.526666666666667,NA,5.551111111111111,NA
2014-09-02,Q3,0.6455555555555555,3.3022222222222224,NA,4.688888888888889,NA
2014-11-04,Q3,NA,NA,NA,NA,NA
2015-01-06,Q3,NA,NA,NA,NA,NA
2015-03-10,Q3,0.7688888888888888,3.6666666666666665,NA,5.377777777777778,NA
2015-05-12,Q3,0.7333333333333333,3.9644444444444447,NA,6.355555555555555,NA
2015-07-14,Q3,0.7344444444444445,3.6166666666666667,NA,5.545555555555556,NA
2015-09-15,Q3,0.6744444444444444,3.3633333333333333,NA,5.156666666666666,NA
2015-11-17,Q3,0.7055555555555556,3.3266666666666667,NA,5.345555555555555,NA
2016-01-19,Q3,0.7633333333333333,3.381111111111111,NA,5.566666666666666,NA
2016-03-22,Q3,0.7322222222222222,3.328888888888889,NA,5.604444444444445,NA
2016-05-24,Q3,0.69,3.098888888888889,81,5.075555555555556,NA
2016-07-26,Q3,0.7222222222222222,2.83,99.11111111111111,4.904444444444445,NA
2016-09-27,Q3,0.7022222222222222,3.022222222222222,117.44444444444444,4.953333333333333,NA
2016-11-29,Q3,0.7166666666666667,2.7455555555555553,128.22222222222223,4.576666666666666,NA
2017-01-31,Q3,0.7455555555555555,3.2544444444444443,131.33333333333334,4.886666666666667,NA
2017-04-04,Q3,0.7266666666666667,2.667777777777778,NA,4.097777777777778,NA
2017-06-06,Q3,0.6144444444444445,2.7622222222222224,NA,4.5,NA
2017-08-08,Q3,NA,NA,NA,NA,NA
2017-10-10,Q3,NA,NA,NA,NA,NA
2017-12-12,Q3,1.2744444444444445,3.057777777777778,NA,4.857777777777778,NA
2018-02-13,Q3,1.1122222222222222,3.0533333333333332,270.6666666666667,5.157777777777778,NA
2018-04-17,Q3,1.1011111111111112,3,NA,4.814444444444445,NA
2018-06-19,Q3,1.0033333333333334,3.1666666666666665,NA,5.198888888888889,NA
2018-08-21,Q3,NA,NA,NA,NA,NA
2018-10-23,Q3,NA,NA,NA,NA,NA
2018-12-25,Q3,NA,NA,NA,NA,NA
2019-02-26,Q3,0.8744444444444445,3.4033333333333333,NA,5.487777777777778,NA
2019-04-30,Q3,0.7577777777777778,3.281111111111111,NA,4.99,NA
2019-07-02,Q3,0.7611111111111112,2.988888888888889,NA,4.518888888888889,NA
2019-09-03,Q3,0.6633333333333333,3.022222222222222,NA,4.435555555555555,NA
2019-11-05,Q3,0.7777777777777778,2.7911111111111113,NA,4.288888888888889,NA
2020-01-07,Q3,0.7044444444444444,2.551111111111111,201.66666666666666,4.081111111111111,NA
2020-03-10,Q3,NA,NA,NA,NA,NA
2020-05-12,Q3,NA,NA,NA,NA,NA
2020-07-14,Q3,NA,NA,NA,NA,NA
2020-09-15,Q3,NA,NA,NA,NA,NA
2020-11-17,Q3,0.7128571428571429,3.2085714285714286,204,5.1899999999999995,NA
